year_1,year_2,overlap_count,jaccard,top_n
2021,2022,47,0.30718954248366015,100
2021,2023,25,0.14285714285714285,100
2022,2023,47,0.30718954248366015,100
all,all,19,0.19,100
